"Date,App_Name,Category,Minutes_Used"
"2024-01-01,Instagram,Social Media,45"
"2024-01-01,Twitter,Social Media,30"
"2024-01-01,YouTube,Entertainment,60"
"2024-01-01,VS Code,Coding,90"
"2024-01-01,Slack,Communication,25"
"2024-01-01,Chrome,Productivity,40"
"2024-01-01,Netflix,Entertainment,55"
"2024-01-01,WhatsApp,Communication,35"
"2024-01-01,Gmail,Productivity,20"
"2024-01-01,Medium,News,15"
"2024-01-02,TikTok,Social Media,75"
"2024-01-02,Facebook,Social Media,40"
"2024-01-02,Coursera,Education,60"
"2024-01-02,GitHub,Coding,50"
"2024-01-02,Discord,Communication,30"
"2024-01-02,YouTube,Entertainment,45"
"2024-01-02,Notion,Productivity,35"
"2024-01-02,Spotify,Entertainment,40"
"2024-01-02,Reddit,Social Media,25"
"2024-01-02,Google Docs,Productivity,30"
"2024-01-03,Instagram,Social Media,90"
"2024-01-03,Twitter,Social Media,35"
"2024-01-03,VS Code,Coding,120"
"2024-01-03,YouTube,Entertainment,50"
"2024-01-03,Slack,Communication,40"
"2024-01-03,Gmail,Productivity,15"
"2024-01-03,Netflix,Entertainment,70"
"2024-01-03,WhatsApp,Communication,30"
"2024-01-03,LinkedIn,Social Media,20"
"2024-01-03,Stack Overflow,Coding,45"
"2024-01-04,TikTok,Social Media,85"
"2024-01-04,Instagram,Social Media,60"
"2024-01-04,Udemy,Education,90"
"2024-01-04,GitHub,Coding,80"
"2024-01-04,Discord,Communication,25"
"2024-01-04,Spotify,Entertainment,55"
"2024-01-04,Chrome,Productivity,45"
"2024-01-04,YouTube,Entertainment,35"
"2024-01-04,Twitter,Social Media,20"
"2024-01-04,Notion,Productivity,40"
"2024-01-05,Facebook,Social Media,55"
"2024-01-05,Instagram,Social Media,70"
"2024-01-05,VS Code,Coding,150"
"2024-01-05,YouTube,Entertainment,45"
"2024-01-05,Slack,Communication,35"
"2024-01-05,Gmail,Productivity,25"
"2024-01-05,Netflix,Entertainment,60"
"2024-01-05,Reddit,Social Media,30"
"2024-01-05,Google Docs,Productivity,50"
"2024-01-05,WhatsApp,Communication,20"
"2024-01-06,Instagram,Social Media,65"
"2024-01-06,TikTok,Social Media,55"
"2024-01-06,Coursera,Education,70"
"2024-01-06,GitHub,Coding,60"
"2024-01-06,YouTube,Entertainment,50"
"2024-01-06,Discord,Communication,40"
"2024-01-06,Notion,Productivity,30"
"2024-01-06,Spotify,Entertainment,35"
"2024-01-06,Medium,News,25"
"2024-01-06,LinkedIn,Social Media,20"
"2024-01-07,Twitter,Social Media,40"
"2024-01-07,Instagram,Social Media,50"
"2024-01-07,VS Code,Coding,100"
"2024-01-07,YouTube,Entertainment,40"
"2024-01-07,Slack,Communication,30"
"2024-01-07,Gmail,Productivity,20"
"2024-01-07,Netflix,Entertainment,80"
"2024-01-07,WhatsApp,Communication,25"
"2024-01-07,Stack Overflow,Coding,35"
"2024-01-07,Chrome,Productivity,15"
"2024-01-08,Facebook,Social Media,70"
"2024-01-08,Instagram,Social Media,85"
"2024-01-08,Udemy,Education,50"
"2024-01-08,GitHub,Coding,90"
"2024-01-08,Discord,Communication,35"
"2024-01-08,Spotify,Entertainment,45"
"2024-01-08,YouTube,Entertainment,55"
"2024-01-08,Reddit,Social Media,30"
"2024-01-08,Google Docs,Productivity,40"
"2024-01-08,Notion,Productivity,25"
"2024-01-09,TikTok,Social Media,100"
"2024-01-09,Instagram,Social Media,75"
"2024-01-09,VS Code,Coding,130"
"2024-01-09,YouTube,Entertainment,35"
"2024-01-09,Slack,Communication,45"
"2024-01-09,Gmail,Productivity,30"
"2024-01-09,Netflix,Entertainment,65"
"2024-01-09,WhatsApp,Communication,40"
"2024-01-09,LinkedIn,Social Media,25"
"2024-01-09,Medium,News,20"
"2024-01-10,Twitter,Social Media,50"
"2024-01-10,Facebook,Social Media,60"
"2024-01-10,Coursera,Education,80"
"2024-01-10,GitHub,Coding,70"
"2024-01-10,YouTube,Entertainment,45"
"2024-01-10,Discord,Communication,30"
"2024-01-10,Notion,Productivity,35"
"2024-01-10,Spotify,Entertainment,40"
"2024-01-10,Chrome,Productivity,25"
"2024-01-10,Stack Overflow,Coding,30"
"2024-01-11,Instagram,Social Media,95"
"2024-01-11,TikTok,Social Media,80"
"2024-01-11,VS Code,Coding,140"
"2024-01-11,YouTube,Entertainment,50"
"2024-01-11,Slack,Communication,35"
"2024-01-11,Gmail,Productivity,20"
"2024-01-11,Netflix,Entertainment,70"
"2024-01-11,WhatsApp,Communication,30"
"2024-01-11,Reddit,Social Media,25"
"2024-01-11,Google Docs,Productivity,45"
"2024-01-12,Facebook,Social Media,55"
"2024-01-12,Instagram,Social Media,65"
"2024-01-12,Udemy,Education,100"
"2024-01-12,GitHub,Coding,85"
"2024-01-12,YouTube,Entertainment,40"
"2024-01-12,Discord,Communication,35"
"2024-01-12,Spotify,Entertainment,50"
"2024-01-12,Notion,Productivity,30"
"2024-01-12,LinkedIn,Social Media,20"
"2024-01-12,Medium,News,15"
"2024-01-13,TikTok,Social Media,110"
"2024-01-13,Instagram,Social Media,70"
"2024-01-13,VS Code,Coding,120"
"2024-01-13,YouTube,Entertainment,55"
"2024-01-13,Slack,Communication,40"
"2024-01-13,Gmail,Productivity,25"
"2024-01-13,Netflix,Entertainment,85"
"2024-01-13,WhatsApp,Communication,35"
"2024-01-13,Stack Overflow,Coding,40"
"2024-01-13,Chrome,Productivity,20"
"2024-01-14,Twitter,Social Media,45"
"2024-01-14,Facebook,Social Media,50"
"2024-01-14,Coursera,Education,90"
"2024-01-14,GitHub,Coding,75"
"2024-01-14,YouTube,Entertainment,35"
"2024-01-14,Discord,Communication,30"
"2024-01-14,Notion,Productivity,40"
"2024-01-14,Spotify,Entertainment,45"
"2024-01-14,Reddit,Social Media,20"
"2024-01-14,Google Docs,Productivity,35"
